Timestamp_Sistema,Posizione_X,Posizione_Y,Velocita_Lineare,Velocita_Angolare,Ostacolo_Piu_Vicino_Lidar(m),Stato_Telecamera,Eventi_Chiavi,Esplorazione_Completata(%)
08:12:06.070,0.000,0.000,0.000,0.000,0.000,N/A,,0.00
08:12:06.570,0.000,0.000,0.000,0.000,0.000,N/A,,0.00
08:12:07.070,0.000,0.000,0.000,0.000,0.000,N/A,,0.00
08:12:07.570,0.000,0.000,0.000,0.000,0.000,N/A,,0.00
08:12:08.070,0.000,0.000,0.000,0.000,0.000,N/A,,0.00
08:12:08.570,0.000,0.000,0.000,0.000,0.000,N/A,,0.00
08:12:09.070,0.000,0.000,0.000,0.000,1.473,Frame_0,,0.00
08:12:09.575,0.000,-0.000,0.000,0.000,1.176,Frame_0,,0.00
08:12:10.070,0.000,-0.000,0.000,0.000,1.196,Frame_0,,0.00
08:12:10.571,0.000,-0.000,0.000,0.000,1.206,Frame_0,,0.00
08:12:11.070,0.000,-0.000,0.000,0.000,1.196,Frame_1,,0.00
08:12:11.570,0.000,0.000,0.000,0.000,1.184,Frame_1,,0.00
08:12:12.070,0.000,0.000,0.000,0.000,1.209,Frame_1,,0.00
08:12:12.570,0.000,0.000,0.000,0.000,1.190,Frame_1,,0.00
08:12:13.070,0.000,0.000,0.000,0.000,1.196,Frame_2,,0.00
08:12:13.570,0.000,0.000,0.000,0.000,1.200,Frame_2,,0.00
08:12:14.070,0.000,0.000,0.000,0.000,1.200,Frame_2,,0.00
08:12:14.570,0.000,0.000,0.000,0.000,1.203,Frame_3,,0.00
08:12:15.071,0.000,0.000,0.000,0.000,1.184,Frame_3,,0.00
08:12:15.570,0.000,0.000,0.000,0.000,1.186,Frame_3,,0.00
08:12:16.070,0.000,0.000,0.000,0.000,1.199,Frame_3,,0.00
08:12:16.574,0.000,0.000,0.000,0.000,1.206,Frame_4,,1.00
08:12:17.070,0.000,0.000,0.000,0.000,1.176,Frame_4,,1.00
08:12:17.580,0.000,0.000,0.000,0.000,1.185,Frame_4,,1.00
08:12:18.070,0.000,0.000,0.000,0.000,1.188,Frame_5,,1.00
08:12:18.571,0.000,0.000,0.000,0.000,1.207,Frame_5,,1.00
08:12:19.070,0.000,0.000,0.000,0.000,1.195,Frame_5,,1.00
08:12:19.572,0.000,0.000,0.000,0.000,1.205,Frame_6,,1.00
08:12:20.074,-0.018,-0.000,-0.133,0.111,1.214,Frame_6,,1.00
08:12:20.570,-0.067,-0.002,-0.181,0.251,1.245,Frame_6,,1.00
08:12:21.070,-0.108,-0.006,-0.137,0.402,1.274,Frame_6,,1.00
08:12:21.570,-0.127,-0.009,-0.019,0.616,1.293,Frame_7,,1.00
08:12:22.074,-0.130,-0.010,-0.014,0.793,1.318,Frame_7,,1.00
08:12:22.570,-0.132,-0.011,-0.002,0.912,1.323,Frame_7,,1.00
08:12:23.072,-0.131,-0.010,0.014,0.991,1.312,Frame_7,,1.00
08:12:23.576,-0.127,-0.005,0.050,1.005,1.308,Frame_8,,1.00
08:12:24.070,-0.120,0.012,0.116,0.976,1.304,Frame_8,,1.00
08:12:24.570,-0.114,0.049,0.204,0.905,1.274,Frame_8,,1.00
08:12:25.070,-0.118,0.116,0.320,0.725,1.212,Frame_8,,1.00
08:12:25.570,-0.136,0.191,0.383,0.557,1.182,Frame_9,,1.00
08:12:26.070,-0.171,0.282,0.430,0.415,1.149,Frame_9,,1.00
08:12:26.570,-0.215,0.371,0.476,0.292,1.117,Frame_9,,1.00
08:12:27.074,-0.268,0.462,0.470,0.079,1.115,Frame_9,,1.00
08:12:27.570,-0.331,0.565,0.461,-0.029,1.131,Frame_9,,1.00
08:12:28.070,-0.378,0.642,0.441,-0.064,1.147,Frame_10,,1.00
08:12:28.570,-0.427,0.724,0.420,-0.093,1.145,Frame_10,,1.00
08:12:29.070,-0.475,0.810,0.397,-0.117,1.100,Frame_10,,1.00
08:12:29.578,-0.515,0.886,0.380,-0.101,1.061,Frame_10,,1.00
08:12:30.070,-0.554,0.964,0.362,-0.100,1.033,Frame_11,,1.00
08:12:30.570,-0.589,1.037,0.373,-0.104,0.965,Frame_11,,1.00
08:12:31.071,-0.625,1.118,0.365,-0.094,0.948,Frame_11,,1.00
08:12:31.570,-0.655,1.191,0.350,-0.084,0.925,Frame_11,,2.64
08:12:32.070,-0.680,1.254,0.262,-0.108,0.894,Frame_11,,2.64
08:12:32.570,-0.689,1.278,0.037,-0.326,0.863,Frame_12,,2.64
08:12:33.070,-0.692,1.286,0.085,-0.488,0.865,Frame_12,,2.64
08:12:33.570,-0.696,1.311,0.143,-0.508,0.851,Frame_12,,2.64
08:12:34.070,-0.699,1.349,0.236,-0.587,0.839,Frame_12,,2.64
08:12:34.571,-0.694,1.412,0.332,-0.702,0.844,Frame_13,,2.64
08:12:35.070,-0.676,1.491,0.346,-0.723,0.844,Frame_13,,2.64
08:12:35.570,-0.651,1.552,0.297,-0.708,0.860,Frame_13,,2.64
08:12:36.070,-0.622,1.603,0.236,-0.703,0.872,Frame_13,,2.64
08:12:36.570,-0.599,1.631,0.168,-0.690,0.887,Frame_13,,3.73
08:12:37.070,-0.576,1.653,0.113,-0.659,0.904,Frame_14,,3.73
08:12:37.570,-0.562,1.663,0.056,-0.607,0.926,Frame_14,,3.73
08:12:38.070,-0.555,1.667,0.026,-0.545,0.925,Frame_14,,3.73
08:12:38.570,-0.553,1.668,-0.006,-0.468,0.936,Frame_14,,3.73
08:12:39.070,-0.556,1.667,0.000,-0.145,0.927,Frame_14,,3.73
08:12:39.570,-0.569,1.664,-0.084,-0.322,0.902,Frame_15,,3.73
08:12:40.076,-0.577,1.663,0.010,-0.548,0.899,Frame_15,,3.73
08:12:40.570,-0.584,1.663,-0.021,-0.670,0.899,Frame_15,,3.73
08:12:41.070,-0.586,1.663,0.006,-0.787,0.899,Frame_15,,3.73
08:12:41.570,-0.579,1.661,0.085,-0.849,0.912,Frame_16,,4.72
08:12:42.070,-0.559,1.651,0.188,-0.837,0.906,Frame_16,,4.72
08:12:42.570,-0.520,1.622,0.352,-0.780,0.892,Frame_16,,4.72
08:12:43.070,-0.449,1.548,0.502,-0.688,0.891,Frame_16,,4.72
08:12:43.570,-0.381,1.451,0.568,-0.515,0.937,Frame_16,,4.72
08:12:44.070,-0.319,1.339,0.595,-0.358,1.004,Frame_17,,4.72
08:12:44.572,-0.269,1.229,0.599,-0.231,1.084,Frame_17,,4.72
08:12:45.070,-0.220,1.107,0.607,-0.165,1.025,Frame_17,,4.72
08:12:45.570,-0.176,0.982,0.587,-0.090,0.954,Frame_17,,4.72
08:12:46.070,-0.131,0.849,0.586,-0.030,0.907,Frame_18,,4.72
08:12:46.570,-0.095,0.738,0.581,0.003,0.883,Frame_18,,5.11
08:12:47.070,-0.054,0.615,0.594,0.054,0.840,Frame_18,,5.11
08:12:47.570,-0.016,0.504,0.591,0.012,0.845,Frame_18,,5.11
08:12:48.070,0.023,0.392,0.598,0.023,0.849,Frame_18,,5.11
08:12:48.570,0.062,0.279,0.576,0.176,0.879,Frame_19,,5.11
08:12:49.070,0.103,0.175,0.541,0.252,0.908,Frame_19,,5.11
08:12:49.570,0.151,0.068,0.537,0.061,0.957,Frame_19,,5.11
08:12:50.075,0.208,-0.053,0.569,0.006,1.019,Frame_19,,5.11
08:12:50.576,0.257,-0.155,0.538,-0.069,1.081,Frame_19,,5.11
08:12:51.071,0.304,-0.256,0.488,-0.070,1.145,Frame_20,,5.11
08:12:51.570,0.343,-0.343,0.457,-0.127,1.179,Frame_20,,5.26
08:12:52.070,0.378,-0.424,0.438,-0.109,1.192,Frame_20,,5.26
08:12:52.570,0.408,-0.501,0.384,-0.095,1.156,Frame_20,,5.26
08:12:53.074,0.434,-0.571,0.358,-0.084,1.126,Frame_20,,5.26
08:12:53.571,0.452,-0.620,0.314,0.127,1.104,Frame_21,,5.26
08:12:54.070,0.474,-0.678,0.310,0.437,1.062,Frame_21,,5.26
08:12:54.570,0.498,-0.728,0.292,0.546,1.038,Frame_21,,5.26
08:12:55.070,0.523,-0.770,0.238,0.590,0.987,Frame_21,,5.26
08:12:55.570,0.549,-0.804,0.189,0.622,0.989,Frame_21,,5.26
08:12:56.070,0.572,-0.827,0.130,0.614,0.970,Frame_22,,5.26
08:12:56.570,0.586,-0.839,0.087,0.621,0.953,Frame_22,,5.52
08:12:57.070,0.597,-0.846,0.060,0.576,0.939,Frame_22,,5.52
08:12:57.570,0.604,-0.849,0.024,0.531,0.941,Frame_22,,5.52
08:12:58.070,0.605,-0.850,-0.010,0.473,0.951,Frame_22,,5.52
08:12:58.570,0.602,-0.849,-0.019,0.417,0.932,Frame_22,,5.52
08:12:59.070,0.597,-0.848,-0.037,0.334,0.931,Frame_23,,5.52
08:12:59.571,0.589,-0.847,-0.045,0.255,0.922,Frame_23,,5.52
08:13:00.070,0.580,-0.846,-0.057,0.184,0.910,Frame_23,,5.52
08:13:00.570,0.570,-0.845,-0.065,0.144,0.914,Frame_23,,5.52
08:13:01.070,0.550,-0.845,-0.076,-0.049,0.893,Frame_23,,5.52
08:13:01.570,0.537,-0.844,-0.024,-0.221,0.884,Frame_24,,5.74
08:13:02.070,0.537,-0.844,0.029,-0.367,0.892,Frame_24,,5.74
08:13:02.570,0.545,-0.845,0.060,-0.504,0.895,Frame_24,,5.74
08:13:03.070,0.547,-0.846,0.011,-0.613,0.900,Frame_24,,5.74
08:13:03.570,0.549,-0.847,0.034,-0.770,0.905,Frame_24,,5.74
08:13:04.070,0.556,-0.850,0.063,-0.850,0.912,Frame_25,,5.74
08:13:04.570,0.568,-0.859,0.118,-0.864,0.926,Frame_25,,5.74
08:13:05.071,0.587,-0.878,0.245,-0.855,0.922,Frame_25,,5.74
08:13:05.570,0.623,-0.927,0.401,-0.755,0.922,Frame_25,,5.74
08:13:06.070,0.656,-0.987,0.463,-0.597,0.937,Frame_25,,5.74
08:13:06.570,0.692,-1.074,0.488,-0.476,0.887,Frame_25,,5.74
08:13:07.070,0.719,-1.159,0.492,-0.377,0.843,Frame_26,,5.74
08:13:07.570,0.739,-1.245,0.488,-0.251,0.811,Frame_26,,5.74
08:13:08.070,0.757,-1.339,0.464,-0.150,0.791,Frame_26,,5.74
08:13:08.570,0.770,-1.418,0.420,-0.072,0.773,Frame_26,,5.74
08:13:09.070,0.780,-1.492,0.406,-0.058,0.765,Frame_26,,5.74
08:13:09.573,0.789,-1.561,0.367,-0.042,0.753,Frame_27,,5.74
08:13:10.070,0.797,-1.624,0.331,-0.200,0.760,Frame_27,,5.74
08:13:10.570,0.803,-1.685,0.347,-0.239,0.744,Frame_27,,5.74
08:13:11.070,0.806,-1.740,0.351,-0.227,0.732,Frame_27,,5.74
08:13:11.570,0.807,-1.801,0.334,-0.106,0.732,Frame_27,,5.99
08:13:12.070,0.806,-1.870,0.341,0.232,0.725,Frame_27,,5.99
08:13:12.570,0.809,-1.943,0.323,0.535,0.730,Frame_28,,5.99
08:13:13.074,0.816,-1.998,0.276,0.668,0.739,Frame_28,,5.99
08:13:13.570,0.828,-2.045,0.253,0.731,0.736,Frame_28,,5.99
08:13:14.071,0.841,-2.078,0.189,0.748,0.732,Frame_28,,5.99
08:13:14.570,0.853,-2.101,0.141,0.759,0.727,Frame_28,,5.99
08:13:15.070,0.864,-2.118,0.101,0.754,0.719,Frame_29,,5.99
08:13:15.570,0.872,-2.127,0.057,0.721,0.726,Frame_29,,5.99
08:13:16.070,0.877,-2.131,0.030,0.697,0.718,Frame_29,,5.99
08:13:16.570,0.879,-2.133,-0.006,0.659,0.719,Frame_29,,5.99
08:13:17.070,0.878,-2.132,-0.026,0.613,0.730,Frame_29,,5.99
08:13:17.570,0.871,-2.129,-0.046,0.546,0.729,Frame_29,,5.99
08:13:18.070,0.863,-2.126,-0.054,0.462,0.750,Frame_29,,5.99
08:13:18.570,0.853,-2.123,0.000,0.158,0.751,Frame_30,,5.99
08:13:19.070,0.837,-2.120,-0.154,-0.025,0.759,Frame_30,,5.99
08:13:19.570,0.805,-2.112,-0.211,-0.203,0.773,Frame_30,,5.99
08:13:20.070,0.762,-2.101,-0.204,-0.381,0.823,Frame_30,,5.99
08:13:20.570,0.731,-2.090,-0.148,-0.561,0.834,Frame_30,,5.99
08:13:21.070,0.712,-2.082,-0.066,-0.730,0.809,Frame_30,,5.99
08:13:21.570,0.705,-2.078,-0.035,-0.875,0.804,Frame_31,,5.99
08:13:22.070,0.700,-2.074,-0.032,-0.950,0.795,Frame_31,,5.99
08:13:22.570,0.698,-2.072,-0.017,-1.031,0.791,Frame_31,,5.99
08:13:23.070,0.697,-2.071,0.001,-1.097,0.799,Frame_31,,5.99
08:13:23.570,0.698,-2.072,0.017,-1.155,0.800,Frame_31,,5.99
08:13:24.070,0.699,-2.078,0.039,-1.155,0.816,Frame_31,,5.99
08:13:24.570,0.699,-2.085,0.067,-1.117,0.838,Frame_32,,5.99
08:13:25.070,0.697,-2.100,0.129,-1.063,0.830,Frame_32,,5.99
08:13:25.572,0.686,-2.133,0.290,-0.980,0.831,Frame_32,,5.99
08:13:26.070,0.661,-2.181,0.423,-0.879,0.834,Frame_32,,5.99
08:13:26.572,0.623,-2.233,0.522,-0.712,0.835,Frame_32,,6.92
08:13:27.070,0.581,-2.281,0.186,-0.486,0.880,Frame_32,Chiave 1 raccolta!,6.92
08:13:27.570,0.558,-2.304,0.304,-0.442,0.910,Frame_33,,6.92
08:13:28.078,0.516,-2.338,0.451,-0.351,0.928,Frame_33,,6.92
08:13:28.570,0.470,-2.372,0.547,-0.267,0.900,Frame_33,,6.92
08:13:29.070,0.386,-2.430,0.586,-0.176,0.910,Frame_33,,6.92
08:13:29.570,0.315,-2.475,0.602,-0.124,0.855,Frame_33,,6.92
08:13:30.070,0.234,-2.525,0.590,-0.061,0.755,Frame_33,,6.92
08:13:30.570,0.165,-2.566,0.560,0.003,0.672,Frame_33,,6.92
08:13:31.070,0.078,-2.618,0.557,0.021,0.622,Frame_34,,6.92
08:13:31.570,0.011,-2.658,0.551,0.028,0.551,Frame_34,,7.93
08:13:32.070,-0.064,-2.704,0.538,0.043,0.510,Frame_34,,7.93
08:13:32.570,-0.126,-2.743,0.492,0.051,0.467,Frame_34,,7.93
08:13:33.070,-0.191,-2.783,0.473,0.001,0.441,Frame_34,,7.93
08:13:33.570,-0.239,-2.813,0.481,-0.028,0.420,Frame_34,,7.93
08:13:34.072,-0.304,-2.854,0.487,-0.140,0.410,Frame_35,,7.93
08:13:34.570,-0.354,-2.885,0.485,-0.165,0.415,Frame_35,,7.93
08:13:35.071,-0.414,-2.919,0.488,-0.144,0.423,Frame_35,,7.93
08:13:35.575,-0.479,-2.955,0.433,-0.075,0.437,Frame_35,,7.93
08:13:36.070,-0.539,-2.987,0.404,-0.048,0.466,Frame_35,,7.93
08:13:36.570,-0.587,-3.012,0.377,0.003,0.492,Frame_35,,8.62
08:13:37.070,-0.640,-3.039,0.355,0.125,0.543,Frame_35,,8.62
08:13:37.570,-0.668,-3.054,0.014,0.365,0.561,Frame_36,,8.62
08:13:38.070,-0.656,-3.047,-0.155,0.500,0.578,Frame_36,,8.62
08:13:38.570,-0.641,-3.036,-0.143,0.595,0.570,Frame_36,,8.62
08:13:39.070,-0.623,-3.022,-0.178,0.608,0.551,Frame_36,,8.62
08:13:39.574,-0.600,-2.999,-0.243,0.515,0.565,Frame_36,,8.62
08:13:40.070,-0.575,-2.969,-0.248,0.428,0.546,Frame_36,,8.62
08:13:40.570,-0.554,-2.941,-0.246,0.311,0.561,Frame_36,,8.62
08:13:41.070,-0.534,-2.913,-0.246,0.230,0.565,Frame_37,,8.62
08:13:41.571,-0.516,-2.884,-0.243,0.275,0.564,Frame_37,,8.62
08:13:42.070,-0.499,-2.855,-0.253,0.295,0.538,Frame_37,,8.62
08:13:42.570,-0.481,-2.821,-0.218,0.284,0.582,Frame_37,,8.62
08:13:43.070,-0.465,-2.786,-0.235,0.291,0.586,Frame_37,,8.62
08:13:43.570,-0.450,-2.750,-0.253,0.366,0.600,Frame_37,,8.62
08:13:44.070,-0.438,-2.717,-0.253,0.395,0.633,Frame_37,,8.62
08:13:44.570,-0.427,-2.679,-0.243,0.515,0.646,Frame_38,,8.62
08:13:45.070,-0.420,-2.645,-0.241,0.592,0.681,Frame_38,,8.62
08:13:45.570,-0.416,-2.610,-0.199,0.713,0.709,Frame_38,,8.62
08:13:46.070,-0.416,-2.581,-0.167,0.775,0.758,Frame_38,,8.62
08:13:46.570,-0.418,-2.562,-0.058,0.863,0.759,Frame_38,,8.62
08:13:47.070,-0.420,-2.553,-0.042,0.873,0.801,Frame_38,,8.62
08:13:47.570,-0.422,-2.548,-0.046,0.978,0.799,Frame_39,,8.62
08:13:48.070,-0.425,-2.542,-0.040,0.993,0.808,Frame_39,,8.62
08:13:48.570,-0.428,-2.539,-0.049,1.040,0.820,Frame_39,,8.62
08:13:49.070,-0.432,-2.534,-0.047,1.095,0.816,Frame_39,,8.62
08:13:49.570,-0.436,-2.532,-0.013,1.109,0.822,Frame_39,,8.62
08:13:50.070,-0.437,-2.531,0.011,1.076,0.816,Frame_39,,8.62
08:13:50.570,-0.434,-2.532,0.017,1.051,0.816,Frame_39,,8.62
08:13:51.070,-0.430,-2.533,0.060,1.018,0.784,Frame_40,,8.62
08:13:51.570,-0.418,-2.532,0.093,0.944,0.784,Frame_40,,8.62
08:13:52.070,-0.404,-2.530,0.119,0.871,0.797,Frame_40,,8.62
08:13:52.570,-0.383,-2.523,0.158,0.799,0.757,Frame_40,,8.62
08:13:53.070,-0.360,-2.513,0.225,0.698,0.745,Frame_40,,8.62
08:13:53.570,-0.321,-2.490,0.340,0.567,0.748,Frame_40,,8.62
08:13:54.070,-0.279,-2.460,0.417,0.468,0.734,Frame_40,,8.62
08:13:54.570,-0.225,-2.415,0.488,0.358,0.741,Frame_41,,8.62
08:13:55.070,-0.175,-2.368,0.501,0.309,0.771,Frame_41,,8.62
08:13:55.570,-0.118,-2.310,0.530,0.260,0.736,Frame_41,,8.62
08:13:56.070,-0.075,-2.263,0.530,0.252,0.675,Frame_41,,8.62
08:13:56.570,-0.037,-2.218,0.188,0.210,0.634,Frame_41,Chiave 2 raccolta!,8.97
08:13:57.070,-0.018,-2.194,0.286,0.185,0.617,Frame_41,,8.97
08:13:57.570,0.012,-2.154,0.356,0.129,0.599,Frame_42,,8.97
08:13:58.070,0.042,-2.112,0.405,0.126,0.543,Frame_42,,8.97
08:13:58.570,0.080,-2.057,0.430,0.178,0.507,Frame_42,,8.97
08:13:59.070,0.108,-2.014,0.425,0.279,0.454,Frame_42,,8.97
08:13:59.573,0.147,-1.949,0.424,0.355,0.436,Frame_42,,8.97
08:14:00.070,0.179,-1.887,0.448,0.440,0.376,Frame_42,,8.97
08:14:00.570,0.208,-1.821,0.458,0.475,0.364,Frame_42,,8.97
08:14:01.070,0.229,-1.759,0.484,0.507,0.332,Frame_43,,8.97
08:14:01.570,0.247,-1.694,0.493,0.515,0.313,Frame_43,,9.15
08:14:02.070,0.262,-1.616,0.502,0.503,0.300,Frame_43,,9.15
08:14:02.570,0.271,-1.544,0.557,0.420,0.294,Frame_43,,9.15
08:14:03.073,0.275,-1.434,0.555,0.363,0.293,Frame_43,,9.15
08:14:03.570,0.272,-1.321,0.563,0.263,0.329,Frame_43,,9.15
08:14:04.080,0.264,-1.230,0.579,0.223,0.376,Frame_44,,9.15
08:14:04.570,0.252,-1.129,0.552,0.216,0.437,Frame_44,,9.15
08:14:05.070,0.238,-1.040,0.573,0.220,0.466,Frame_44,,9.15
08:14:05.570,0.218,-0.938,0.580,0.205,0.550,Frame_44,,9.15
08:14:06.070,0.197,-0.846,0.591,0.059,0.646,Frame_44,,9.15
08:14:06.570,0.175,-0.753,0.559,-0.007,0.688,Frame_44,,9.19
08:14:07.070,0.158,-0.684,0.051,0.170,0.772,Frame_45,,9.19
